CREATE DATABASE  IF NOT EXISTS `celikoor` /*!40100 DEFAULT CHARACTER SET utf8mb4 COLLATE utf8mb4_general_ci */;
USE `celikoor`;
-- MySQL dump 10.13  Distrib 8.0.34, for Win64 (x86_64)
--
-- Host: 127.0.0.1    Database: celikoor
-- ------------------------------------------------------
-- Server version	5.5.5-10.4.28-MariaDB

/*!40101 SET @OLD_CHARACTER_SET_CLIENT=@@CHARACTER_SET_CLIENT */;
/*!40101 SET @OLD_CHARACTER_SET_RESULTS=@@CHARACTER_SET_RESULTS */;
/*!40101 SET @OLD_COLLATION_CONNECTION=@@COLLATION_CONNECTION */;
/*!50503 SET NAMES utf8 */;
/*!40103 SET @OLD_TIME_ZONE=@@TIME_ZONE */;
/*!40103 SET TIME_ZONE='+00:00' */;
/*!40014 SET @OLD_UNIQUE_CHECKS=@@UNIQUE_CHECKS, UNIQUE_CHECKS=0 */;
/*!40014 SET @OLD_FOREIGN_KEY_CHECKS=@@FOREIGN_KEY_CHECKS, FOREIGN_KEY_CHECKS=0 */;
/*!40101 SET @OLD_SQL_MODE=@@SQL_MODE, SQL_MODE='NO_AUTO_VALUE_ON_ZERO' */;
/*!40111 SET @OLD_SQL_NOTES=@@SQL_NOTES, SQL_NOTES=0 */;

--
-- Table structure for table `aktor_film`
--

DROP TABLE IF EXISTS `aktor_film`;
/*!40101 SET @saved_cs_client     = @@character_set_client */;
/*!50503 SET character_set_client = utf8mb4 */;
CREATE TABLE `aktor_film` (
  `aktors_id` int(11) NOT NULL,
  `films_id` int(11) NOT NULL,
  `peran` enum('UTAMA','PEMBANTU','FIGURAN') DEFAULT NULL,
  PRIMARY KEY (`aktors_id`,`films_id`),
  KEY `fk_aktors_has_films_films1_idx` (`films_id`),
  KEY `fk_aktors_has_films_aktors1_idx` (`aktors_id`),
  CONSTRAINT `fk_aktors_has_films_aktors1` FOREIGN KEY (`aktors_id`) REFERENCES `aktors` (`id`) ON DELETE NO ACTION ON UPDATE NO ACTION,
  CONSTRAINT `fk_aktors_has_films_films1` FOREIGN KEY (`films_id`) REFERENCES `films` (`id`) ON DELETE NO ACTION ON UPDATE NO ACTION
) ENGINE=InnoDB DEFAULT CHARSET=utf8 COLLATE=utf8_general_ci;
/*!40101 SET character_set_client = @saved_cs_client */;

--
-- Dumping data for table `aktor_film`
--

LOCK TABLES `aktor_film` WRITE;
/*!40000 ALTER TABLE `aktor_film` DISABLE KEYS */;
INSERT INTO `aktor_film` VALUES (1,1,'UTAMA'),(1,2,'PEMBANTU'),(1,3,'UTAMA'),(1,4,'UTAMA'),(2,1,'UTAMA'),(2,5,'PEMBANTU'),(3,3,'FIGURAN'),(3,4,'FIGURAN'),(4,2,'UTAMA'),(4,5,'FIGURAN'),(5,3,'FIGURAN');
/*!40000 ALTER TABLE `aktor_film` ENABLE KEYS */;
UNLOCK TABLES;

--
-- Table structure for table `aktors`
--

DROP TABLE IF EXISTS `aktors`;
/*!40101 SET @saved_cs_client     = @@character_set_client */;
/*!50503 SET character_set_client = utf8mb4 */;
CREATE TABLE `aktors` (
  `id` int(11) NOT NULL AUTO_INCREMENT,
  `nama` varchar(45) NOT NULL,
  `tgl_lahir` date NOT NULL,
  `gender` enum('L','P') NOT NULL,
  `negara_asal` varchar(45) DEFAULT NULL,
  PRIMARY KEY (`id`)
) ENGINE=InnoDB AUTO_INCREMENT=7 DEFAULT CHARSET=utf8 COLLATE=utf8_general_ci;
/*!40101 SET character_set_client = @saved_cs_client */;

--
-- Dumping data for table `aktors`
--

LOCK TABLES `aktors` WRITE;
/*!40000 ALTER TABLE `aktors` DISABLE KEYS */;
INSERT INTO `aktors` VALUES (1,'Jason','1998-04-09','L','Roma'),(2,'Nadya','2003-03-10','P','Jepang'),(3,'Zahwa','1996-12-20','P','Indonesia'),(4,'Joe','2000-03-06','L','Indonesia'),(5,'Ahmad','2008-02-08','L','Indonesia');
/*!40000 ALTER TABLE `aktors` ENABLE KEYS */;
UNLOCK TABLES;

--
-- Table structure for table `cinemas`
--

DROP TABLE IF EXISTS `cinemas`;
/*!40101 SET @saved_cs_client     = @@character_set_client */;
/*!50503 SET character_set_client = utf8mb4 */;
CREATE TABLE `cinemas` (
  `id` int(11) NOT NULL AUTO_INCREMENT,
  `nama_cabang` varchar(45) NOT NULL,
  `alamat` varchar(45) NOT NULL,
  `tgl_dibuka` date NOT NULL,
  `kota` varchar(45) NOT NULL,
  PRIMARY KEY (`id`)
) ENGINE=InnoDB AUTO_INCREMENT=7 DEFAULT CHARSET=utf8 COLLATE=utf8_general_ci;
/*!40101 SET character_set_client = @saved_cs_client */;

--
-- Dumping data for table `cinemas`
--

LOCK TABLES `cinemas` WRITE;
/*!40000 ALTER TABLE `cinemas` DISABLE KEYS */;
INSERT INTO `cinemas` VALUES (1,'darmo','Jl Darmo No 31','2008-07-23','Surabaya'),(2,'rungkut','Jl Rungkut No 45','2007-08-16','Surabaya'),(3,'mayjend','Jl Mayjend No 34','2006-09-17','Surabaya'),(4,'gununganyar','Jl Gununganyar No 51','2012-05-23','Surabaya'),(5,'Keputih','Jl Keputih No 23','2015-01-12','Surabaya'),(6,'safd','sdf','2024-01-11','asdf');
/*!40000 ALTER TABLE `cinemas` ENABLE KEYS */;
UNLOCK TABLES;

--
-- Table structure for table `film_studio`
--

DROP TABLE IF EXISTS `film_studio`;
/*!40101 SET @saved_cs_client     = @@character_set_client */;
/*!50503 SET character_set_client = utf8mb4 */;
CREATE TABLE `film_studio` (
  `studios_id` int(11) NOT NULL,
  `films_id` int(11) NOT NULL,
  PRIMARY KEY (`studios_id`,`films_id`),
  KEY `fk_studios_has_films_films1_idx` (`films_id`),
  KEY `fk_studios_has_films_studios1_idx` (`studios_id`),
  CONSTRAINT `fk_studios_has_films_films1` FOREIGN KEY (`films_id`) REFERENCES `films` (`id`) ON DELETE NO ACTION ON UPDATE NO ACTION,
  CONSTRAINT `fk_studios_has_films_studios1` FOREIGN KEY (`studios_id`) REFERENCES `studios` (`id`) ON DELETE NO ACTION ON UPDATE NO ACTION
) ENGINE=InnoDB DEFAULT CHARSET=utf8 COLLATE=utf8_general_ci;
/*!40101 SET character_set_client = @saved_cs_client */;

--
-- Dumping data for table `film_studio`
--

LOCK TABLES `film_studio` WRITE;
/*!40000 ALTER TABLE `film_studio` DISABLE KEYS */;
INSERT INTO `film_studio` VALUES (1,1),(1,2),(1,3),(2,1),(2,4),(3,2),(3,4),(5,4);
/*!40000 ALTER TABLE `film_studio` ENABLE KEYS */;
UNLOCK TABLES;

--
-- Table structure for table `films`
--

DROP TABLE IF EXISTS `films`;
/*!40101 SET @saved_cs_client     = @@character_set_client */;
/*!50503 SET character_set_client = utf8mb4 */;
CREATE TABLE `films` (
  `id` int(11) NOT NULL AUTO_INCREMENT,
  `judul` varchar(45) NOT NULL,
  `sinopsis` text NOT NULL,
  `tahun` int(11) NOT NULL,
  `durasi` smallint(6) NOT NULL,
  `kelompoks_id` int(11) NOT NULL,
  `bahasa` enum('EN','ID','CHN','KOR','JPN','OTH') NOT NULL DEFAULT 'EN',
  `is_sub_indo` tinyint(4) NOT NULL DEFAULT 1,
  `cover_image` varchar(45) DEFAULT NULL,
  `diskon_nominal` double DEFAULT NULL,
  PRIMARY KEY (`id`),
  KEY `fk_films_kelompoks1_idx` (`kelompoks_id`),
  CONSTRAINT `fk_films_kelompoks1` FOREIGN KEY (`kelompoks_id`) REFERENCES `kelompoks` (`id`) ON DELETE NO ACTION ON UPDATE NO ACTION
) ENGINE=InnoDB AUTO_INCREMENT=7 DEFAULT CHARSET=utf8 COLLATE=utf8_general_ci;
/*!40101 SET character_set_client = @saved_cs_client */;

--
-- Dumping data for table `films`
--

LOCK TABLES `films` WRITE;
/*!40000 ALTER TABLE `films` DISABLE KEYS */;
INSERT INTO `films` VALUES (1,'Avatar','Film ini merupakan film US',2009,2,8,'EN',1,'film_1',5000),(2,'Titanic ','Film ini merupakan film romantik vintage yang terkenal di masanya',1997,3,9,'EN',1,'film_2',0),(3,'The Lion King','fiilm hewan animasi yang memberikan motivasi',2019,2,6,'EN',0,'film_3',0),(4,'Furious 7 ','Film aksi mobil-mobilan',2015,2,9,'EN',1,'film_4',0),(5,'Minions','Film lucu anak anak',2015,2,6,'ID',0,'film_5',0);
/*!40000 ALTER TABLE `films` ENABLE KEYS */;
UNLOCK TABLES;

--
-- Table structure for table `genre_film`
--

DROP TABLE IF EXISTS `genre_film`;
/*!40101 SET @saved_cs_client     = @@character_set_client */;
/*!50503 SET character_set_client = utf8mb4 */;
CREATE TABLE `genre_film` (
  `films_id` int(11) NOT NULL,
  `genres_id` int(11) NOT NULL,
  PRIMARY KEY (`films_id`,`genres_id`),
  KEY `fk_films_has_genres_genres1_idx` (`genres_id`),
  KEY `fk_films_has_genres_films1_idx` (`films_id`),
  CONSTRAINT `fk_films_has_genres_films1` FOREIGN KEY (`films_id`) REFERENCES `films` (`id`) ON DELETE NO ACTION ON UPDATE NO ACTION,
  CONSTRAINT `fk_films_has_genres_genres1` FOREIGN KEY (`genres_id`) REFERENCES `genres` (`id`) ON DELETE NO ACTION ON UPDATE NO ACTION
) ENGINE=InnoDB DEFAULT CHARSET=utf8 COLLATE=utf8_general_ci;
/*!40101 SET character_set_client = @saved_cs_client */;

--
-- Dumping data for table `genre_film`
--

LOCK TABLES `genre_film` WRITE;
/*!40000 ALTER TABLE `genre_film` DISABLE KEYS */;
INSERT INTO `genre_film` VALUES (1,2),(2,5),(3,2),(4,2),(5,3);
/*!40000 ALTER TABLE `genre_film` ENABLE KEYS */;
UNLOCK TABLES;

--
-- Table structure for table `genres`
--

DROP TABLE IF EXISTS `genres`;
/*!40101 SET @saved_cs_client     = @@character_set_client */;
/*!50503 SET character_set_client = utf8mb4 */;
CREATE TABLE `genres` (
  `id` int(11) NOT NULL AUTO_INCREMENT,
  `nama` varchar(45) NOT NULL,
  `deskripsi` varchar(45) DEFAULT NULL,
  PRIMARY KEY (`id`)
) ENGINE=InnoDB AUTO_INCREMENT=8 DEFAULT CHARSET=utf8 COLLATE=utf8_general_ci;
/*!40101 SET character_set_client = @saved_cs_client */;

--
-- Dumping data for table `genres`
--

LOCK TABLES `genres` WRITE;
/*!40000 ALTER TABLE `genres` DISABLE KEYS */;
INSERT INTO `genres` VALUES (1,'Horror','Horror'),(2,'Action','Action'),(3,'Comedy','Comedy'),(4,'Thriller','Thriller'),(5,'Romance','Romance');
/*!40000 ALTER TABLE `genres` ENABLE KEYS */;
UNLOCK TABLES;

--
-- Table structure for table `invoices`
--

DROP TABLE IF EXISTS `invoices`;
/*!40101 SET @saved_cs_client     = @@character_set_client */;
/*!50503 SET character_set_client = utf8mb4 */;
CREATE TABLE `invoices` (
  `id` int(11) NOT NULL AUTO_INCREMENT,
  `tanggal` datetime NOT NULL,
  `grand_total` double NOT NULL,
  `diskon_nominal` double DEFAULT NULL,
  `konsumens_id` int(11) NOT NULL,
  `kasir_id` int(11) DEFAULT NULL,
  `status` enum('PENDING','VALIDASI','TERBAYAR') NOT NULL DEFAULT 'PENDING',
  PRIMARY KEY (`id`),
  KEY `fk_invoices_konsumens1_idx` (`konsumens_id`),
  KEY `fk_invoices_pegawais1_idx` (`kasir_id`),
  CONSTRAINT `fk_invoices_konsumens1` FOREIGN KEY (`konsumens_id`) REFERENCES `konsumens` (`id`) ON DELETE NO ACTION ON UPDATE NO ACTION,
  CONSTRAINT `fk_invoices_pegawais1` FOREIGN KEY (`kasir_id`) REFERENCES `pegawais` (`id`) ON DELETE NO ACTION ON UPDATE NO ACTION
) ENGINE=InnoDB AUTO_INCREMENT=14 DEFAULT CHARSET=utf8 COLLATE=utf8_general_ci;
/*!40101 SET character_set_client = @saved_cs_client */;

--
-- Dumping data for table `invoices`
--

LOCK TABLES `invoices` WRITE;
/*!40000 ALTER TABLE `invoices` DISABLE KEYS */;
INSERT INTO `invoices` VALUES (1,'2024-01-17 05:57:59',155000,5000,1,NULL,'PENDING');
/*!40000 ALTER TABLE `invoices` ENABLE KEYS */;
UNLOCK TABLES;

--
-- Table structure for table `jadwal_films`
--

DROP TABLE IF EXISTS `jadwal_films`;
/*!40101 SET @saved_cs_client     = @@character_set_client */;
/*!50503 SET character_set_client = utf8mb4 */;
CREATE TABLE `jadwal_films` (
  `id` int(11) NOT NULL AUTO_INCREMENT,
  `tanggal` date NOT NULL,
  `jam_pemutaran` enum('I','II','III','IV') NOT NULL,
  PRIMARY KEY (`id`)
) ENGINE=InnoDB AUTO_INCREMENT=15 DEFAULT CHARSET=utf8 COLLATE=utf8_general_ci;
/*!40101 SET character_set_client = @saved_cs_client */;

--
-- Dumping data for table `jadwal_films`
--

LOCK TABLES `jadwal_films` WRITE;
/*!40000 ALTER TABLE `jadwal_films` DISABLE KEYS */;
INSERT INTO `jadwal_films` VALUES (1,'2023-12-01','I'),(2,'2023-12-02','II'),(3,'2023-12-03','III'),(4,'2023-12-04','I'),(5,'2023-12-05','II'),(6,'2024-01-11','I'),(7,'2024-01-18','I'),(8,'2024-01-18','II'),(9,'2024-01-18','III'),(10,'2024-01-18','IV'),(11,'2024-01-19','I'),(12,'2024-01-19','II'),(13,'2024-01-19','III'),(14,'2024-01-19','IV');
/*!40000 ALTER TABLE `jadwal_films` ENABLE KEYS */;
UNLOCK TABLES;

--
-- Table structure for table `jenis_studios`
--

DROP TABLE IF EXISTS `jenis_studios`;
/*!40101 SET @saved_cs_client     = @@character_set_client */;
/*!50503 SET character_set_client = utf8mb4 */;
CREATE TABLE `jenis_studios` (
  `id` int(11) NOT NULL AUTO_INCREMENT,
  `nama` varchar(45) NOT NULL,
  `deskripsi` varchar(45) DEFAULT NULL,
  PRIMARY KEY (`id`)
) ENGINE=InnoDB AUTO_INCREMENT=7 DEFAULT CHARSET=utf8 COLLATE=utf8_general_ci;
/*!40101 SET character_set_client = @saved_cs_client */;

--
-- Dumping data for table `jenis_studios`
--

LOCK TABLES `jenis_studios` WRITE;
/*!40000 ALTER TABLE `jenis_studios` DISABLE KEYS */;
INSERT INTO `jenis_studios` VALUES (1,'Bronze','-'),(2,'Silver','-'),(3,'Gold','-'),(4,'Platinum','-'),(5,'Diamond','-');
/*!40000 ALTER TABLE `jenis_studios` ENABLE KEYS */;
UNLOCK TABLES;

--
-- Table structure for table `kelompoks`
--

DROP TABLE IF EXISTS `kelompoks`;
/*!40101 SET @saved_cs_client     = @@character_set_client */;
/*!50503 SET character_set_client = utf8mb4 */;
CREATE TABLE `kelompoks` (
  `id` int(11) NOT NULL AUTO_INCREMENT,
  `nama` varchar(45) NOT NULL,
  PRIMARY KEY (`id`)
) ENGINE=InnoDB AUTO_INCREMENT=10 DEFAULT CHARSET=utf8 COLLATE=utf8_general_ci;
/*!40101 SET character_set_client = @saved_cs_client */;

--
-- Dumping data for table `kelompoks`
--

LOCK TABLES `kelompoks` WRITE;
/*!40000 ALTER TABLE `kelompoks` DISABLE KEYS */;
INSERT INTO `kelompoks` VALUES (6,'3+'),(7,'12+'),(8,'18+'),(9,'21+');
/*!40000 ALTER TABLE `kelompoks` ENABLE KEYS */;
UNLOCK TABLES;

--
-- Table structure for table `konsumens`
--

DROP TABLE IF EXISTS `konsumens`;
/*!40101 SET @saved_cs_client     = @@character_set_client */;
/*!50503 SET character_set_client = utf8mb4 */;
CREATE TABLE `konsumens` (
  `id` int(11) NOT NULL AUTO_INCREMENT,
  `nama` varchar(45) NOT NULL,
  `email` varchar(45) NOT NULL,
  `no_hp` varchar(45) NOT NULL,
  `gender` enum('L','P') NOT NULL,
  `tgl_lahir` date NOT NULL,
  `saldo` double DEFAULT 0,
  `username` varchar(45) NOT NULL,
  `password` varchar(255) NOT NULL,
  PRIMARY KEY (`id`)
) ENGINE=InnoDB AUTO_INCREMENT=9 DEFAULT CHARSET=utf8 COLLATE=utf8_general_ci;
/*!40101 SET character_set_client = @saved_cs_client */;

--
-- Dumping data for table `konsumens`
--

LOCK TABLES `konsumens` WRITE;
/*!40000 ALTER TABLE `konsumens` DISABLE KEYS */;
INSERT INTO `konsumens` VALUES (1,'Lukita','lukita@celikoor.my.id','089612345678','P','2004-10-12',380000,'K1','4dff4ea340f0a823f15d3f4f01ab62eae0e5da579ccb851f8db9dfe84c58b2b37b89903a740e1ee172da793a6e79d560e5f7f9bd058a12a280433ed6fa46510a'),(2,'Darman','darman@celikoor.my.id','089612345679','L','2002-09-27',34.5,'K2','40b244112641dd78dd4f93b6c9190dd46e0099194d5a44257b7efad6ef9ff4683da1eda0244448cb343aa688f5d3efd7314dafe580ac0bcbf115aeca9e8dc114'),(3,'Cahyo','cahyo@celikoor.my.id','089654326789','L','2004-10-10',78,'K3','3bafbf08882a2d10133093a1b8433f50563b93c14acd05b79028eb1d12799027241450980651994501423a66c276ae26c43b739bc65c4e16b10c3af6c202aebb'),(4,'Juli','juli@celikoor.my.id','082345678734','P','2003-07-14',207.5,'K4','a321d8b405e3ef2604959847b36d171eebebc4a8941dc70a4784935a4fca5d5813de84dfa049f06549aa61b20848c1633ce81b675286ea8fb53db240d831c568'),(5,'Ajeng','ajeng@celikoor.my.id','082312549876','P','2004-08-23',57.5,'K5','06df05371981a237d0ed11472fae7c94c9ac0eff1d05413516710d17b10a4fb6f4517bda4a695f02d0a73dd4db543b4653df28f5d09dab86f92ffb9b86d01e25');
/*!40000 ALTER TABLE `konsumens` ENABLE KEYS */;
UNLOCK TABLES;

--
-- Table structure for table `pegawais`
--

DROP TABLE IF EXISTS `pegawais`;
/*!40101 SET @saved_cs_client     = @@character_set_client */;
/*!50503 SET character_set_client = utf8mb4 */;
CREATE TABLE `pegawais` (
  `id` int(11) NOT NULL AUTO_INCREMENT,
  `nama` varchar(45) NOT NULL,
  `email` varchar(45) NOT NULL,
  `username` varchar(45) NOT NULL,
  `password` varchar(255) NOT NULL,
  `roles` enum('ADMIN','KASIR','OPERATOR') NOT NULL,
  PRIMARY KEY (`id`)
) ENGINE=InnoDB AUTO_INCREMENT=8 DEFAULT CHARSET=utf8 COLLATE=utf8_general_ci;
/*!40101 SET character_set_client = @saved_cs_client */;

--
-- Dumping data for table `pegawais`
--

LOCK TABLES `pegawais` WRITE;
/*!40000 ALTER TABLE `pegawais` DISABLE KEYS */;
INSERT INTO `pegawais` VALUES (1,'Margana','margana@celikoor.my.id','P1','4dff4ea340f0a823f15d3f4f01ab62eae0e5da579ccb851f8db9dfe84c58b2b37b89903a740e1ee172da793a6e79d560e5f7f9bd058a12a280433ed6fa46510a','ADMIN'),(2,'Eko','eko@celikoor.my.id','P2','40b244112641dd78dd4f93b6c9190dd46e0099194d5a44257b7efad6ef9ff4683da1eda0244448cb343aa688f5d3efd7314dafe580ac0bcbf115aeca9e8dc114','OPERATOR'),(3,'Najwa','najwa@celikoor.my.id','P3','3bafbf08882a2d10133093a1b8433f50563b93c14acd05b79028eb1d12799027241450980651994501423a66c276ae26c43b739bc65c4e16b10c3af6c202aebb','KASIR'),(4,'Irfan','irfan@celikoor.my.id','P4','a321d8b405e3ef2604959847b36d171eebebc4a8941dc70a4784935a4fca5d5813de84dfa049f06549aa61b20848c1633ce81b675286ea8fb53db240d831c568','KASIR'),(5,'Iriana','iriana@celikoor.my.id','P5','06df05371981a237d0ed11472fae7c94c9ac0eff1d05413516710d17b10a4fb6f4517bda4a695f02d0a73dd4db543b4653df28f5d09dab86f92ffb9b86d01e25','OPERATOR');
/*!40000 ALTER TABLE `pegawais` ENABLE KEYS */;
UNLOCK TABLES;

--
-- Table structure for table `sesi_films`
--

DROP TABLE IF EXISTS `sesi_films`;
/*!40101 SET @saved_cs_client     = @@character_set_client */;
/*!50503 SET character_set_client = utf8mb4 */;
CREATE TABLE `sesi_films` (
  `jadwal_film_id` int(11) NOT NULL,
  `studios_id` int(11) NOT NULL,
  `films_id` int(11) NOT NULL,
  PRIMARY KEY (`jadwal_film_id`,`studios_id`,`films_id`),
  KEY `fk_jadwal_film_has_film_studio_film_studio1_idx` (`studios_id`,`films_id`),
  KEY `fk_jadwal_film_has_film_studio_jadwal_film1_idx` (`jadwal_film_id`),
  CONSTRAINT `fk_jadwal_film_has_film_studio_film_studio1` FOREIGN KEY (`studios_id`, `films_id`) REFERENCES `film_studio` (`studios_id`, `films_id`) ON DELETE NO ACTION ON UPDATE NO ACTION,
  CONSTRAINT `fk_jadwal_film_has_film_studio_jadwal_film1` FOREIGN KEY (`jadwal_film_id`) REFERENCES `jadwal_films` (`id`) ON DELETE NO ACTION ON UPDATE NO ACTION
) ENGINE=InnoDB DEFAULT CHARSET=utf8 COLLATE=utf8_general_ci;
/*!40101 SET character_set_client = @saved_cs_client */;

--
-- Dumping data for table `sesi_films`
--

LOCK TABLES `sesi_films` WRITE;
/*!40000 ALTER TABLE `sesi_films` DISABLE KEYS */;
INSERT INTO `sesi_films` VALUES (0,0,0),(1,1,1),(2,1,1),(2,2,1),(2,3,1),(3,2,1),(7,1,3),(7,2,1),(7,3,2),(7,5,4),(8,1,3),(8,2,1),(8,3,2),(8,5,4),(9,1,3),(9,2,1),(9,3,2),(9,5,4),(10,1,3),(10,2,1),(10,3,2),(10,5,4),(11,2,4),(11,3,4),(12,2,4),(12,3,4),(13,2,4),(13,3,4),(14,2,4),(14,3,4);
/*!40000 ALTER TABLE `sesi_films` ENABLE KEYS */;
UNLOCK TABLES;

--
-- Table structure for table `studios`
--

DROP TABLE IF EXISTS `studios`;
/*!40101 SET @saved_cs_client     = @@character_set_client */;
/*!50503 SET character_set_client = utf8mb4 */;
CREATE TABLE `studios` (
  `id` int(11) NOT NULL AUTO_INCREMENT,
  `nama` varchar(45) NOT NULL,
  `kapasitas` int(11) NOT NULL,
  `jenis_studios_id` int(11) NOT NULL,
  `cinemas_id` int(11) NOT NULL,
  `harga_weekday` int(11) NOT NULL,
  `harga_weekend` int(11) NOT NULL,
  PRIMARY KEY (`id`),
  KEY `fk_studios_jenis_studios_idx` (`jenis_studios_id`),
  KEY `fk_studios_cinemas1_idx` (`cinemas_id`),
  CONSTRAINT `fk_studios_cinemas1` FOREIGN KEY (`cinemas_id`) REFERENCES `cinemas` (`id`) ON DELETE NO ACTION ON UPDATE NO ACTION,
  CONSTRAINT `fk_studios_jenis_studios` FOREIGN KEY (`jenis_studios_id`) REFERENCES `jenis_studios` (`id`) ON DELETE NO ACTION ON UPDATE NO ACTION
) ENGINE=InnoDB AUTO_INCREMENT=7 DEFAULT CHARSET=utf8 COLLATE=utf8_general_ci;
/*!40101 SET character_set_client = @saved_cs_client */;

--
-- Dumping data for table `studios`
--

LOCK TABLES `studios` WRITE;
/*!40000 ALTER TABLE `studios` DISABLE KEYS */;
INSERT INTO `studios` VALUES (1,'Studio XX1',50,5,5,150000,200000),(2,'Studio XX2',250,1,1,40000,50000),(3,'Studio XX3',250,2,1,45000,55000),(4,'Studio XX4',200,3,2,60000,70000),(5,'Studio XX5',150,4,3,75000,85000);
/*!40000 ALTER TABLE `studios` ENABLE KEYS */;
UNLOCK TABLES;

--
-- Table structure for table `tikets`
--

DROP TABLE IF EXISTS `tikets`;
/*!40101 SET @saved_cs_client     = @@character_set_client */;
/*!50503 SET character_set_client = utf8mb4 */;
CREATE TABLE `tikets` (
  `invoices_id` int(11) NOT NULL,
  `nomor_kursi` varchar(3) NOT NULL,
  `status_hadir` tinyint(4) NOT NULL,
  `operator_id` int(11) DEFAULT NULL,
  `harga` double NOT NULL,
  `jadwal_film_id` int(11) NOT NULL,
  `studios_id` int(11) NOT NULL,
  `films_id` int(11) NOT NULL,
  PRIMARY KEY (`invoices_id`,`nomor_kursi`),
  KEY `fk_film_studio_has_invoices_invoices1_idx` (`invoices_id`),
  KEY `fk_film_studio_has_invoices_pegawais1_idx` (`operator_id`),
  KEY `fk_tikets_sesi_films1_idx` (`jadwal_film_id`,`studios_id`,`films_id`),
  CONSTRAINT `fk_film_studio_has_invoices_invoices1` FOREIGN KEY (`invoices_id`) REFERENCES `invoices` (`id`) ON DELETE NO ACTION ON UPDATE NO ACTION,
  CONSTRAINT `fk_film_studio_has_invoices_pegawais1` FOREIGN KEY (`operator_id`) REFERENCES `pegawais` (`id`) ON DELETE NO ACTION ON UPDATE NO ACTION,
  CONSTRAINT `fk_tikets_sesi_films1` FOREIGN KEY (`jadwal_film_id`, `studios_id`, `films_id`) REFERENCES `sesi_films` (`jadwal_film_id`, `studios_id`, `films_id`) ON DELETE NO ACTION ON UPDATE NO ACTION
) ENGINE=InnoDB DEFAULT CHARSET=utf8 COLLATE=utf8_general_ci;
/*!40101 SET character_set_client = @saved_cs_client */;

--
-- Dumping data for table `tikets`
--

LOCK TABLES `tikets` WRITE;
/*!40000 ALTER TABLE `tikets` DISABLE KEYS */;
INSERT INTO `tikets` VALUES (1,'B1',0,NULL,40000,7,2,1),(1,'B2',0,NULL,40000,7,2,1),(1,'B3',0,NULL,40000,7,2,1),(1,'B4',0,NULL,40000,7,2,1);
/*!40000 ALTER TABLE `tikets` ENABLE KEYS */;
UNLOCK TABLES;
/*!40103 SET TIME_ZONE=@OLD_TIME_ZONE */;

/*!40101 SET SQL_MODE=@OLD_SQL_MODE */;
/*!40014 SET FOREIGN_KEY_CHECKS=@OLD_FOREIGN_KEY_CHECKS */;
/*!40014 SET UNIQUE_CHECKS=@OLD_UNIQUE_CHECKS */;
/*!40101 SET CHARACTER_SET_CLIENT=@OLD_CHARACTER_SET_CLIENT */;
/*!40101 SET CHARACTER_SET_RESULTS=@OLD_CHARACTER_SET_RESULTS */;
/*!40101 SET COLLATION_CONNECTION=@OLD_COLLATION_CONNECTION */;
/*!40111 SET SQL_NOTES=@OLD_SQL_NOTES */;

-- Dump completed on 2024-01-17  6:04:46
